Año,Trimestre,Mbps (Media de bajada),Trimestre.1,Fecha
2022,3,62.46,Jul-Sept 2022,2022-07-01
2022,2,58.44,Abr-Jun 2022,2022-04-01
2022,1,55.11,Ene-Mar 2022,2022-01-01
2021,4,52.34,Oct-Dic 2021,2021-10-01
2021,3,48.46,Jul-Sept 2021,2021-07-01
2021,2,45.63,Abr-Jun 2021,2021-04-01
2021,1,43.11,Ene-Mar 2021,2021-01-01
2020,4,42.36,Oct-Dic 2020,2020-10-01
2020,3,40.67,Jul-Sept 2020,2020-07-01
2020,2,38.32,Abr-Jun 2020,2020-04-01
2020,1,37.52,Ene-Mar 2020,2020-01-01
2019,4,28.26,Oct-Dic 2019,2019-10-01
2019,3,24.18,Jul-Sept 2019,2019-07-01
2019,2,20.33,Abr-Jun 2019,2019-04-01
2019,1,17.38,Ene-Mar 2019,2019-01-01
2018,4,15.95,Oct-Dic 2018,2018-10-01
2018,3,15.36,Jul-Sept 2018,2018-07-01
2018,2,13.85,Abr-Jun 2018,2018-04-01
2018,1,13.22,Ene-Mar 2018,2018-01-01
2017,4,12.01,Oct-Dic 2017,2017-10-01
2017,3,8.34,Jul-Sept 2017,2017-07-01
2017,2,7.16,Abr-Jun 2017,2017-04-01
2017,1,6.62,Ene-Mar 2017,2017-01-01
2016,4,6.34,Oct-Dic 2016,2016-10-01
2016,3,5.94,Jul-Sept 2016,2016-07-01
2016,2,5.42,Abr-Jun 2016,2016-04-01
2016,1,5.08,Ene-Mar 2016,2016-01-01
2015,4,4.99,Oct-Dic 2015,2015-10-01
2015,3,4.79,Jul-Sept 2015,2015-07-01
2015,2,4.55,Abr-Jun 2015,2015-04-01
2015,1,4.35,Ene-Mar 2015,2015-01-01
2014,4,4.16,Oct-Dic 2014,2014-10-01
2014,3,3.87,Jul-Sept 2014,2014-07-01
2014,2,3.76,Abr-Jun 2014,2014-04-01
2014,1,3.62,Ene-Mar 2014,2014-01-01
