Año,Trimestre,Provincia,Accesos por cada 100 hogares,Fecha,Variacion porcentual,KPI (+2%)
2014,1,Buenos Aires,54.57,2014-01-01,0.0,0.0
2014,2,Buenos Aires,55.06,2014-04-01,0.008979292651640103,55.66
2014,3,Buenos Aires,56.75,2014-07-01,0.030693788594260862,56.16
2014,4,Buenos Aires,56.09,2014-10-01,-0.01162995594713645,57.88
2015,1,Buenos Aires,56.37,2015-01-01,0.004991977179532814,57.21
2015,2,Buenos Aires,56.8,2015-04-01,0.007628171012950213,57.5
2015,3,Buenos Aires,57.69,2015-07-01,0.01566901408450705,57.94
2015,4,Buenos Aires,58.29,2015-10-01,0.010400416016640657,58.84
2016,1,Buenos Aires,57.34,2016-01-01,-0.016297821238634325,59.46
2016,2,Buenos Aires,59.34,2016-04-01,0.03487966515521457,58.49
2016,3,Buenos Aires,60.14,2016-07-01,0.013481631277384443,60.53
2016,4,Buenos Aires,61.24,2016-10-01,0.018290655138011314,61.34
2017,1,Buenos Aires,58.57,2017-01-01,-0.04359895493141741,62.46
2017,2,Buenos Aires,56.27,2017-04-01,-0.039269250469523564,59.74
2017,3,Buenos Aires,55.63,2017-07-01,-0.011373733783543671,57.4
2017,4,Buenos Aires,57.61,2017-10-01,0.03559230630954513,56.74
2018,1,Buenos Aires,62.63,2018-01-01,0.08713764971359139,58.76
2018,2,Buenos Aires,62.78,2018-04-01,0.002395018361807333,63.88
2018,3,Buenos Aires,64.44,2018-07-01,0.026441541892322284,64.04
2018,4,Buenos Aires,64.6,2018-10-01,0.0024829298572315306,65.73
2019,1,Buenos Aires,66.24,2019-01-01,0.025386996904024794,65.89
2019,2,Buenos Aires,67.85,2019-04-01,0.02430555555555558,67.56
2019,3,Buenos Aires,69.36,2019-07-01,0.02225497420781153,69.21
2019,4,Buenos Aires,64.25,2019-10-01,-0.07367358708189153,70.75
2020,1,Buenos Aires,64.33,2020-01-01,0.001245136186770468,65.54
2020,2,Buenos Aires,65.22,2020-04-01,0.013834913726099796,65.62
2020,3,Buenos Aires,67.66,2020-07-01,0.03741183685985883,66.52
2020,4,Buenos Aires,68.98,2020-10-01,0.019509311262193352,69.01
2021,1,Buenos Aires,69.11,2021-01-01,0.0018846042331108759,70.36
2021,2,Buenos Aires,70.0,2021-04-01,0.012878020546954083,70.49
2021,3,Buenos Aires,71.68,2021-07-01,0.02400000000000002,71.4
2021,4,Buenos Aires,75.66,2021-10-01,0.05552455357142838,73.11
2022,1,Buenos Aires,76.08,2022-01-01,0.0055511498810467685,77.17
2022,2,Buenos Aires,77.58,2022-04-01,0.01971608832807581,77.6
2022,3,Buenos Aires,78.11,2022-07-01,0.006831657643722622,79.13
2014,1,Capital Federal,112.25,2014-01-01,0.0,79.67
2014,2,Capital Federal,113.14,2014-04-01,0.007928730512249516,114.5
2014,3,Capital Federal,113.8,2014-07-01,0.005833480643450573,115.4
2014,4,Capital Federal,114.9,2014-10-01,0.009666080843585334,116.08
2015,1,Capital Federal,114.9,2015-01-01,0.0,117.2
2015,2,Capital Federal,116.07,2015-04-01,0.010182767624020705,117.2
2015,3,Capital Federal,118.29,2015-07-01,0.019126389247867692,118.39
2015,4,Capital Federal,118.13,2015-10-01,-0.0013526079972948635,120.66
2016,1,Capital Federal,115.16,2016-01-01,-0.025141792939981422,120.49
2016,2,Capital Federal,120.04,2016-04-01,0.04237582493921499,117.46
2016,3,Capital Federal,120.77,2016-07-01,0.006081306231256134,122.44
2016,4,Capital Federal,120.63,2016-10-01,-0.0011592282851701219,123.19
2017,1,Capital Federal,108.37,2017-01-01,-0.10163309292879041,123.04
2017,2,Capital Federal,124.06,2017-04-01,0.14478176617144967,110.54
2017,3,Capital Federal,121.86,2017-07-01,-0.017733354828308956,126.54
2017,4,Capital Federal,122.9,2017-10-01,0.008534383719021932,124.3
2018,1,Capital Federal,106.24,2018-01-01,-0.13555736371033367,125.36
2018,2,Capital Federal,106.53,2018-04-01,0.0027296686746989263,108.36
2018,3,Capital Federal,108.45,2018-07-01,0.018023092086736137,108.66
2018,4,Capital Federal,108.27,2018-10-01,-0.0016597510373445035,110.62
2019,1,Capital Federal,109.2,2019-01-01,0.008589637018564744,110.44
2019,2,Capital Federal,110.55,2019-04-01,0.012362637362637319,111.38
2019,3,Capital Federal,112.65,2019-07-01,0.018995929443690773,112.76
2019,4,Capital Federal,106.25,2019-10-01,-0.05681313803817134,114.9
2020,1,Capital Federal,105.98,2020-01-01,-0.002541176470588158,108.38
2020,2,Capital Federal,106.41,2020-04-01,0.004057369314965031,108.1
2020,3,Capital Federal,107.68,2020-07-01,0.01193496851799658,108.54
2020,4,Capital Federal,108.31,2020-10-01,0.005850668647845447,109.83
2021,1,Capital Federal,108.42,2021-01-01,0.0010156033607238157,110.48
2021,2,Capital Federal,110.14,2021-04-01,0.015864231691569808,110.59
2021,3,Capital Federal,111.27,2021-07-01,0.010259669511530678,112.34
2021,4,Capital Federal,111.27,2021-10-01,0.0,113.5
2022,1,Capital Federal,111.8,2022-01-01,0.004763188640244387,113.5
2022,2,Capital Federal,121.31,2022-04-01,0.08506261180679786,114.04
2022,3,Capital Federal,122.28,2022-07-01,0.00799604319512004,123.74
2014,1,Catamarca,24.25,2014-01-01,0.0,124.73
2014,2,Catamarca,24.7,2014-04-01,0.01855670103092777,24.74
2014,3,Catamarca,24.71,2014-07-01,0.00040485829959524544,25.19
2014,4,Catamarca,25.51,2014-10-01,0.032375556454876664,25.2
2015,1,Catamarca,25.11,2015-01-01,-0.01568012544100361,26.02
2015,2,Catamarca,25.45,2015-04-01,0.013540422142572783,25.61
2015,3,Catamarca,25.86,2015-07-01,0.016110019646365492,25.96
2015,4,Catamarca,26.24,2015-10-01,0.014694508894044889,26.38
2016,1,Catamarca,25.91,2016-01-01,-0.012576219512195008,26.76
2016,2,Catamarca,26.07,2016-04-01,0.006175221922037899,26.43
2016,3,Catamarca,26.48,2016-07-01,0.015726889144610734,26.59
2016,4,Catamarca,26.54,2016-10-01,0.0022658610271901747,27.01
2017,1,Catamarca,25.66,2017-01-01,-0.033157498116051176,27.07
2017,2,Catamarca,25.98,2017-04-01,0.01247077162899446,26.17
2017,3,Catamarca,32.49,2017-07-01,0.2505773672055427,26.5
2017,4,Catamarca,28.62,2017-10-01,-0.11911357340720219,33.14
2018,1,Catamarca,32.79,2018-01-01,0.1457023060796645,29.19
2018,2,Catamarca,32.86,2018-04-01,0.002134797194266458,33.45
2018,3,Catamarca,32.92,2018-07-01,0.0018259281801582539,33.52
2018,4,Catamarca,32.23,2018-10-01,-0.020959902794653873,33.58
2019,1,Catamarca,32.19,2019-01-01,-0.001241079739373263,32.87
2019,2,Catamarca,32.13,2019-04-01,-0.0018639328984154657,32.83
2019,3,Catamarca,30.88,2019-07-01,-0.03890445066915671,32.77
2019,4,Catamarca,36.44,2019-10-01,0.18005181347150256,31.5
2020,1,Catamarca,37.62,2020-01-01,0.03238199780461026,37.17
2020,2,Catamarca,45.43,2020-04-01,0.20760233918128668,38.37
2020,3,Catamarca,47.16,2020-07-01,0.03808056350429223,46.34
2020,4,Catamarca,49.41,2020-10-01,0.04770992366412208,48.1
2021,1,Catamarca,48.9,2021-01-01,-0.01032179720704307,50.4
2021,2,Catamarca,52.34,2021-04-01,0.07034764826175888,49.88
2021,3,Catamarca,52.71,2021-07-01,0.007069163163928138,53.39
2021,4,Catamarca,55.25,2021-10-01,0.04818819958262188,53.76
2022,1,Catamarca,58.21,2022-01-01,0.05357466063348415,56.36
2022,2,Catamarca,62.4,2022-04-01,0.07198075931970438,59.37
2022,3,Catamarca,65.33,2022-07-01,0.04695512820512815,63.65
2014,1,Chaco,20.72,2014-01-01,0.0,66.64
2014,2,Chaco,20.96,2014-04-01,0.011583011583011782,21.13
2014,3,Chaco,21.11,2014-07-01,0.007156488549618256,21.38
2014,4,Chaco,21.87,2014-10-01,0.03600189483657035,21.53
2015,1,Chaco,26.65,2015-01-01,0.2185642432556012,22.31
2015,2,Chaco,27.46,2015-04-01,0.03039399624765493,27.18
2015,3,Chaco,27.96,2015-07-01,0.018208302986161717,28.01
2015,4,Chaco,28.35,2015-10-01,0.013948497854077369,28.52
2016,1,Chaco,28.08,2016-01-01,-0.009523809523809601,28.92
2016,2,Chaco,28.59,2016-04-01,0.01816239316239332,28.64
2016,3,Chaco,28.91,2016-07-01,0.011192724728926295,29.16
2016,4,Chaco,28.79,2016-10-01,-0.0041508128675199485,29.49
2017,1,Chaco,28.62,2017-01-01,-0.005904828065300349,29.37
2017,2,Chaco,29.05,2017-04-01,0.015024458420684894,29.19
2017,3,Chaco,29.98,2017-07-01,0.03201376936316702,29.63
2017,4,Chaco,30.81,2017-10-01,0.027685123415610358,30.58
2018,1,Chaco,30.83,2018-01-01,0.0006491398896462108,31.43
2018,2,Chaco,31.25,2018-04-01,0.013623094388582668,31.45
2018,3,Chaco,32.28,2018-07-01,0.0329600000000001,31.88
2018,4,Chaco,32.59,2018-10-01,0.009603469640644402,32.93
2019,1,Chaco,32.64,2019-01-01,0.0015342129487572187,33.24
2019,2,Chaco,34.14,2019-04-01,0.045955882352941124,33.29
2019,3,Chaco,35.85,2019-07-01,0.05008787346221433,34.82
2019,4,Chaco,36.84,2019-10-01,0.02761506276150638,36.57
2020,1,Chaco,37.48,2020-01-01,0.017372421281215855,37.58
2020,2,Chaco,39.83,2020-04-01,0.06270010672358595,38.23
2020,3,Chaco,41.54,2020-07-01,0.04293246296761244,40.63
2020,4,Chaco,43.03,2020-10-01,0.03586904188733753,42.37
2021,1,Chaco,43.14,2021-01-01,0.0025563560306762767,43.89
2021,2,Chaco,43.33,2021-04-01,0.004404265183124645,44.0
2021,3,Chaco,42.96,2021-07-01,-0.008539118393722567,44.2
2021,4,Chaco,44.05,2021-10-01,0.025372439478584585,43.82
2022,1,Chaco,44.06,2022-01-01,0.00022701475595932052,44.93
2022,2,Chaco,43.79,2022-04-01,-0.006128007262823476,44.94
2022,3,Chaco,43.86,2022-07-01,0.0015985384791048496,44.67
2014,1,Chubut,41.24,2014-01-01,0.0,44.74
2014,2,Chubut,41.41,2014-04-01,0.0041222114451986425,42.06
2014,3,Chubut,40.6,2014-07-01,-0.019560492634629223,42.24
2014,4,Chubut,40.25,2014-10-01,-0.008620689655172487,41.41
2015,1,Chubut,37.61,2015-01-01,-0.0655900621118013,41.06
2015,2,Chubut,36.58,2015-04-01,-0.027386333421962283,38.36
2015,3,Chubut,36.81,2015-07-01,0.006287588846364267,37.31
2015,4,Chubut,36.89,2015-10-01,0.0021733224667208617,37.55
2016,1,Chubut,36.09,2016-01-01,-0.021686093792355532,37.63
2016,2,Chubut,36.12,2016-04-01,0.0008312551953448821,36.81
2016,3,Chubut,36.18,2016-07-01,0.0016611295681063787,36.84
2016,4,Chubut,36.07,2016-10-01,-0.003040353786622374,36.9
2017,1,Chubut,35.66,2017-01-01,-0.011366786803437834,36.79
2017,2,Chubut,35.55,2017-04-01,-0.003084688726864848,36.37
2017,3,Chubut,46.22,2017-07-01,0.3001406469760901,36.26
2017,4,Chubut,51.46,2017-10-01,0.11337083513630475,47.14
2018,1,Chubut,53.72,2018-01-01,0.04391760590750082,52.49
2018,2,Chubut,54.9,2018-04-01,0.02196574832464626,54.79
2018,3,Chubut,56.39,2018-07-01,0.02714025500910755,56.0
2018,4,Chubut,42.61,2018-10-01,-0.2443695690725306,57.52
2019,1,Chubut,43.0,2019-01-01,0.009152781037315094,43.46
2019,2,Chubut,46.99,2019-04-01,0.09279069767441861,43.86
2019,3,Chubut,47.57,2019-07-01,0.012343051713130437,47.93
2019,4,Chubut,51.15,2019-10-01,0.07525751524069779,48.52
2020,1,Chubut,51.27,2020-01-01,0.002346041055718562,52.17
2020,2,Chubut,57.34,2020-04-01,0.11839282231324355,52.3
2020,3,Chubut,68.34,2020-07-01,0.1918381583536799,58.49
2020,4,Chubut,68.35,2020-10-01,0.00014632718759122199,69.71
2021,1,Chubut,68.99,2021-01-01,0.009363569861009502,69.72
2021,2,Chubut,72.29,2021-04-01,0.04783301927815642,70.37
2021,3,Chubut,80.71,2021-07-01,0.11647530778807558,73.74
2021,4,Chubut,82.57,2021-10-01,0.023045471440961363,82.32
2022,1,Chubut,88.05,2022-01-01,0.06636793024100762,84.22
2022,2,Chubut,83.19,2022-04-01,-0.05519591141396929,89.81
2022,3,Chubut,84.38,2022-07-01,0.014304603918740222,84.85
2014,1,Corrientes,22.32,2014-01-01,0.0,86.07
2014,2,Corrientes,22.58,2014-04-01,0.011648745519713177,22.77
2014,3,Corrientes,22.79,2014-07-01,0.009300265721877699,23.03
2014,4,Corrientes,23.56,2014-10-01,0.03378674857393582,23.25
2015,1,Corrientes,28.95,2015-01-01,0.22877758913412571,24.03
2015,2,Corrientes,29.58,2015-04-01,0.021761658031087983,29.53
2015,3,Corrientes,30.17,2015-07-01,0.019945909398242145,30.17
2015,4,Corrientes,30.34,2015-10-01,0.005634736493205006,30.77
2016,1,Corrientes,30.08,2016-01-01,-0.00856954515491104,30.95
2016,2,Corrientes,30.58,2016-04-01,0.0166223404255319,30.68
2016,3,Corrientes,31.07,2016-07-01,0.01602354480052326,31.19
2016,4,Corrientes,30.98,2016-10-01,-0.0028966849050531263,31.69
2017,1,Corrientes,30.94,2017-01-01,-0.0012911555842478606,31.6
2017,2,Corrientes,31.39,2017-04-01,0.014544279250161551,31.56
2017,3,Corrientes,32.17,2017-07-01,0.02484867792290535,32.02
2017,4,Corrientes,32.52,2017-10-01,0.010879701585327917,32.81
2018,1,Corrientes,32.66,2018-01-01,0.004305043050430335,33.17
2018,2,Corrientes,33.81,2018-04-01,0.03521126760563398,33.31
2018,3,Corrientes,34.25,2018-07-01,0.013013901212658885,34.49
2018,4,Corrientes,34.57,2018-10-01,0.009343065693430574,34.94
2019,1,Corrientes,35.13,2019-01-01,0.016199016488284812,35.26
2019,2,Corrientes,38.16,2019-04-01,0.08625106746370603,35.83
2019,3,Corrientes,38.49,2019-07-01,0.008647798742138502,38.92
2019,4,Corrientes,38.77,2019-10-01,0.007274616783580212,39.26
2020,1,Corrientes,38.73,2020-01-01,-0.0010317255610009513,39.55
2020,2,Corrientes,40.3,2020-04-01,0.0405370513813581,39.5
2020,3,Corrientes,41.75,2020-07-01,0.03598014888337486,41.11
2020,4,Corrientes,42.43,2020-10-01,0.016287425149700496,42.58
2021,1,Corrientes,42.66,2021-01-01,0.0054206929059625875,43.28
2021,2,Corrientes,43.54,2021-04-01,0.020628223159868897,43.51
2021,3,Corrientes,44.9,2021-07-01,0.031235645383555388,44.41
2021,4,Corrientes,45.51,2021-10-01,0.01358574610244978,45.8
2022,1,Corrientes,47.64,2022-01-01,0.0468029004614372,46.42
2022,2,Corrientes,48.35,2022-04-01,0.014903442485306506,48.59
2022,3,Corrientes,48.21,2022-07-01,-0.002895553257497463,49.32
2014,1,Córdoba,52.52,2014-01-01,0.0,49.17
2014,2,Córdoba,53.45,2014-04-01,0.017707539984767706,53.57
2014,3,Córdoba,54.23,2014-07-01,0.014593077642656604,54.52
2014,4,Córdoba,54.7,2014-10-01,0.008666789599852676,55.31
2015,1,Córdoba,54.7,2015-01-01,0.0,55.79
2015,2,Córdoba,55.87,2015-04-01,0.021389396709323494,55.79
2015,3,Córdoba,57.08,2015-07-01,0.02165741900841245,56.99
2015,4,Córdoba,57.36,2015-10-01,0.004905395935529189,58.22
2016,1,Córdoba,55.28,2016-01-01,-0.036262203626220346,58.51
2016,2,Córdoba,57.55,2016-04-01,0.04106367583212722,56.39
2016,3,Córdoba,58.24,2016-07-01,0.011989574283232107,58.7
2016,4,Córdoba,57.7,2016-10-01,-0.009271978021977989,59.4
2017,1,Córdoba,57.65,2017-01-01,-0.0008665511265165682,58.85
2017,2,Córdoba,58.97,2017-04-01,0.02289679098005215,58.8
2017,3,Córdoba,62.31,2017-07-01,0.0566389689672715,60.15
2017,4,Córdoba,63.33,2017-10-01,0.016369764082811766,63.56
2018,1,Córdoba,63.52,2018-01-01,0.00300015790304764,64.6
2018,2,Córdoba,63.27,2018-04-01,-0.003935768261964734,64.79
2018,3,Córdoba,64.24,2018-07-01,0.015331120594278325,64.54
2018,4,Córdoba,65.09,2018-10-01,0.013231631382316422,65.52
2019,1,Córdoba,65.52,2019-01-01,0.006606237517283731,66.39
2019,2,Córdoba,68.07,2019-04-01,0.03891941391941378,66.83
2019,3,Córdoba,68.59,2019-07-01,0.007639194946378769,69.43
2019,4,Córdoba,70.48,2019-10-01,0.02755503717743113,69.96
2020,1,Córdoba,70.69,2020-01-01,0.002979568671963584,71.89
2020,2,Córdoba,72.71,2020-04-01,0.02857547036355923,72.1
2020,3,Córdoba,75.22,2020-07-01,0.034520698665933214,74.16
2020,4,Córdoba,78.08,2020-10-01,0.038021802712044694,76.72
2021,1,Córdoba,78.59,2021-01-01,0.006531762295082011,79.64
2021,2,Córdoba,80.12,2021-04-01,0.01946812571573986,80.16
2021,3,Córdoba,81.28,2021-07-01,0.014478282576135815,81.72
2021,4,Córdoba,84.51,2021-10-01,0.039739173228346525,82.91
2022,1,Córdoba,85.76,2022-01-01,0.014791148976452506,86.2
2022,2,Córdoba,87.48,2022-04-01,0.020055970149253755,87.48
2022,3,Córdoba,88.31,2022-07-01,0.009487882944672954,89.23
2014,1,Entre Ríos,34.37,2014-01-01,0.0,90.08
2014,2,Entre Ríos,34.69,2014-04-01,0.00931044515565893,35.06
2014,3,Entre Ríos,34.98,2014-07-01,0.00835975785528964,35.38
2014,4,Entre Ríos,36.03,2014-10-01,0.030017152658662116,35.68
2015,1,Entre Ríos,42.07,2015-01-01,0.1676380793782959,36.75
2015,2,Entre Ríos,42.93,2015-04-01,0.020442120275731,42.91
2015,3,Entre Ríos,43.68,2015-07-01,0.01747030048916831,43.79
2015,4,Entre Ríos,44.11,2015-10-01,0.00984432234432231,44.55
2016,1,Entre Ríos,43.85,2016-01-01,-0.005894355021537012,44.99
2016,2,Entre Ríos,44.74,2016-04-01,0.02029646522234896,44.73
2016,3,Entre Ríos,45.44,2016-07-01,0.015645954403218587,45.63
2016,4,Entre Ríos,45.21,2016-10-01,-0.005061619718309762,46.35
2017,1,Entre Ríos,44.91,2017-01-01,-0.006635700066357053,46.11
2017,2,Entre Ríos,45.39,2017-04-01,0.010688042752171167,45.81
2017,3,Entre Ríos,45.96,2017-07-01,0.012557832121612655,46.3
2017,4,Entre Ríos,47.89,2017-10-01,0.04199303742384686,46.88
2018,1,Entre Ríos,48.68,2018-01-01,0.0164961369805805,48.85
2018,2,Entre Ríos,49.2,2018-04-01,0.010682004930156141,49.65
2018,3,Entre Ríos,50.22,2018-07-01,0.02073170731707319,50.18
2018,4,Entre Ríos,54.37,2018-10-01,0.08263639984070092,51.22
2019,1,Entre Ríos,56.79,2019-01-01,0.044509839985286126,55.46
2019,2,Entre Ríos,57.48,2019-04-01,0.012150026413100923,57.93
2019,3,Entre Ríos,57.9,2019-07-01,0.007306889352818313,58.63
2019,4,Entre Ríos,57.99,2019-10-01,0.0015544041450776813,59.06
2020,1,Entre Ríos,56.12,2020-01-01,-0.032246939127435814,59.15
2020,2,Entre Ríos,56.54,2020-04-01,0.007483962936564614,57.24
2020,3,Entre Ríos,58.19,2020-07-01,0.029182879377431803,57.67
2020,4,Entre Ríos,59.47,2020-10-01,0.02199690668499743,59.35
2021,1,Entre Ríos,60.44,2021-01-01,0.016310744913401676,60.66
2021,2,Entre Ríos,61.66,2021-04-01,0.020185307743216363,61.65
2021,3,Entre Ríos,62.18,2021-07-01,0.008433344145313049,62.89
2021,4,Entre Ríos,63.16,2021-10-01,0.01576069475715669,63.42
2022,1,Entre Ríos,63.7,2022-01-01,0.008549715009499748,64.42
2022,2,Entre Ríos,63.9,2022-04-01,0.0031397174254317317,64.97
2022,3,Entre Ríos,63.67,2022-07-01,-0.0035993740219091297,65.18
2014,1,Formosa,17.42,2014-01-01,0.0,64.94
2014,2,Formosa,17.54,2014-04-01,0.006888633754305262,17.77
2014,3,Formosa,17.77,2014-07-01,0.013112884834663552,17.89
2014,4,Formosa,17.96,2014-10-01,0.010692177827799743,18.13
2015,1,Formosa,18.12,2015-01-01,0.008908685968819663,18.32
2015,2,Formosa,18.36,2015-04-01,0.013245033112582627,18.48
2015,3,Formosa,18.84,2015-07-01,0.026143790849673332,18.73
2015,4,Formosa,19.07,2015-10-01,0.01220806794055207,19.22
2016,1,Formosa,19.04,2016-01-01,-0.0015731515469323831,19.45
2016,2,Formosa,19.37,2016-04-01,0.017331932773109404,19.42
2016,3,Formosa,18.64,2016-07-01,-0.037687145069695394,19.76
2016,4,Formosa,19.85,2016-10-01,0.06491416309012887,19.01
2017,1,Formosa,19.84,2017-01-01,-0.0005037783375315685,20.25
2017,2,Formosa,19.97,2017-04-01,0.0065524193548387455,20.24
2017,3,Formosa,21.35,2017-07-01,0.06910365548322495,20.37
2017,4,Formosa,21.27,2017-10-01,-0.0037470725995316645,21.78
2018,1,Formosa,21.4,2018-01-01,0.00611189468735307,21.7
2018,2,Formosa,29.43,2018-04-01,0.37523364485981325,21.83
2018,3,Formosa,29.58,2018-07-01,0.0050968399592252744,30.02
2018,4,Formosa,29.74,2018-10-01,0.005409060175794567,30.17
2019,1,Formosa,29.68,2019-01-01,-0.0020174848688634395,30.33
2019,2,Formosa,30.42,2019-04-01,0.024932614555256194,30.27
2019,3,Formosa,30.11,2019-07-01,-0.010190664036818009,31.03
2019,4,Formosa,30.47,2019-10-01,0.011956160743938904,30.71
2020,1,Formosa,30.23,2020-01-01,-0.007876599934361628,31.08
2020,2,Formosa,31.14,2020-04-01,0.030102547138604052,30.83
2020,3,Formosa,31.91,2020-07-01,0.024727039177906196,31.76
2020,4,Formosa,32.49,2020-10-01,0.018176120338452062,32.55
2021,1,Formosa,32.73,2021-01-01,0.007386888273314796,33.14
2021,2,Formosa,33.23,2021-04-01,0.0152765047357164,33.38
2021,3,Formosa,33.96,2021-07-01,0.02196810111345182,33.89
2021,4,Formosa,34.45,2021-10-01,0.014428739693757464,34.64
2022,1,Formosa,34.96,2022-01-01,0.014804063860667682,35.14
2022,2,Formosa,43.42,2022-04-01,0.24199084668192228,35.66
2022,3,Formosa,43.76,2022-07-01,0.007830492860432914,44.29
2014,1,Jujuy,18.42,2014-01-01,0.0,44.64
2014,2,Jujuy,18.71,2014-04-01,0.01574375678610207,18.79
2014,3,Jujuy,18.37,2014-07-01,-0.018172100481026132,19.08
2014,4,Jujuy,19.6,2014-10-01,0.06695699510070763,18.74
2015,1,Jujuy,19.69,2015-01-01,0.004591836734693766,19.99
2015,2,Jujuy,20.29,2015-04-01,0.030472320975114098,20.08
2015,3,Jujuy,21.27,2015-07-01,0.04829965500246436,20.7
2015,4,Jujuy,21.47,2015-10-01,0.009402914903620108,21.7
2016,1,Jujuy,21.41,2016-01-01,-0.0027945971122496083,21.9
2016,2,Jujuy,21.89,2016-04-01,0.022419430172816446,21.84
2016,3,Jujuy,22.61,2016-07-01,0.032891731384193656,22.33
2016,4,Jujuy,22.65,2016-10-01,0.0017691287041132764,23.06
2017,1,Jujuy,22.76,2017-01-01,0.004856512141280467,23.1
2017,2,Jujuy,22.4,2017-04-01,-0.015817223198594133,23.22
2017,3,Jujuy,22.65,2017-07-01,0.01116071428571419,22.85
2017,4,Jujuy,22.74,2017-10-01,0.003973509933774766,23.1
2018,1,Jujuy,23.12,2018-01-01,0.01671064204045747,23.19
2018,2,Jujuy,23.43,2018-04-01,0.013408304498269796,23.58
2018,3,Jujuy,23.26,2018-07-01,-0.0072556551429789895,23.9
2018,4,Jujuy,46.53,2018-10-01,1.0004299226139293,23.73
2019,1,Jujuy,46.41,2019-01-01,-0.0025789813023856523,47.46
2019,2,Jujuy,44.51,2019-04-01,-0.04093945270415855,47.34
2019,3,Jujuy,44.32,2019-07-01,-0.004268703662098305,45.4
2019,4,Jujuy,45.38,2019-10-01,0.02391696750902539,45.21
2020,1,Jujuy,46.67,2020-01-01,0.028426619656236163,46.29
2020,2,Jujuy,47.89,2020-04-01,0.026140989929290814,47.6
2020,3,Jujuy,54.04,2020-07-01,0.12841929421591147,48.85
2020,4,Jujuy,53.46,2020-10-01,-0.010732790525536662,55.12
2021,1,Jujuy,55.63,2021-01-01,0.040591096146651795,54.53
2021,2,Jujuy,56.18,2021-04-01,0.009886751752651302,56.74
2021,3,Jujuy,55.69,2021-07-01,-0.008721965112139629,57.3
2021,4,Jujuy,56.92,2021-10-01,0.02208655054767461,56.8
2022,1,Jujuy,58.06,2022-01-01,0.02002810962754742,58.06
2022,2,Jujuy,57.32,2022-04-01,-0.01274543575611442,59.22
2022,3,Jujuy,58.91,2022-07-01,0.027739009071877208,58.47
2014,1,La Pampa,48.43,2014-01-01,0.0,60.09
2014,2,La Pampa,49.71,2014-04-01,0.026429898823043585,49.4
2014,3,La Pampa,55.78,2014-07-01,0.12210822772078056,50.7
2014,4,La Pampa,51.27,2014-10-01,-0.08085335245607739,56.9
2015,1,La Pampa,55.51,2015-01-01,0.08269943436707616,52.3
2015,2,La Pampa,56.71,2015-04-01,0.02161772653575933,56.62
2015,3,La Pampa,57.96,2015-07-01,0.022041967906894833,57.84
2015,4,La Pampa,58.76,2015-10-01,0.013802622498274575,59.12
2016,1,La Pampa,57.84,2016-01-01,-0.015656909462219093,59.94
2016,2,La Pampa,60.44,2016-04-01,0.04495159059474396,59.0
2016,3,La Pampa,61.73,2016-07-01,0.021343481138319076,61.65
2016,4,La Pampa,63.02,2016-10-01,0.020897456666126857,62.96
2017,1,La Pampa,62.67,2017-01-01,-0.005553792446842287,64.28
2017,2,La Pampa,63.49,2017-04-01,0.013084410403702007,63.92
2017,3,La Pampa,69.14,2017-07-01,0.08899039218774618,64.76
2017,4,La Pampa,71.05,2017-10-01,0.02762510847555677,70.52
2018,1,La Pampa,71.75,2018-01-01,0.009852216748768461,72.47
2018,2,La Pampa,71.04,2018-04-01,-0.009895470383275207,73.18
2018,3,La Pampa,71.75,2018-07-01,0.009994369369369371,72.46
2018,4,La Pampa,73.49,2018-10-01,0.024250871080139236,73.18
2019,1,La Pampa,76.35,2019-01-01,0.03891685943665801,74.96
2019,2,La Pampa,77.08,2019-04-01,0.009561231172233287,77.88
2019,3,La Pampa,77.45,2019-07-01,0.004800207576543869,78.62
2019,4,La Pampa,76.92,2019-10-01,-0.006843124596513928,79.0
2020,1,La Pampa,75.77,2020-01-01,-0.014950598023921069,78.46
2020,2,La Pampa,76.1,2020-04-01,0.004355285733139702,77.29
2020,3,La Pampa,79.26,2020-07-01,0.04152431011826563,77.62
2020,4,La Pampa,81.77,2020-10-01,0.03166792833711818,80.85
2021,1,La Pampa,81.78,2021-01-01,0.00012229423994125632,83.41
2021,2,La Pampa,82.08,2021-04-01,0.003668378576669129,83.42
2021,3,La Pampa,84.28,2021-07-01,0.026803118908382162,83.72
2021,4,La Pampa,89.57,2021-10-01,0.06276696725201703,85.97
2022,1,La Pampa,91.66,2022-01-01,0.02333370548174618,91.36
2022,2,La Pampa,92.98,2022-04-01,0.014401047348898244,93.49
2022,3,La Pampa,96.59,2022-07-01,0.038825553882555486,94.84
2014,1,La Rioja,16.29,2014-01-01,0.0,98.52
2014,2,La Rioja,16.5,2014-04-01,0.012891344383057168,16.62
2014,3,La Rioja,16.51,2014-07-01,0.000606060606060721,16.83
2014,4,La Rioja,17.01,2014-10-01,0.03028467595396722,16.84
2015,1,La Rioja,16.7,2015-01-01,-0.018224573780129427,17.35
2015,2,La Rioja,16.88,2015-04-01,0.010778443113772518,17.03
2015,3,La Rioja,17.15,2015-07-01,0.015995260663506983,17.22
2015,4,La Rioja,17.32,2015-10-01,0.009912536443148712,17.49
2016,1,La Rioja,16.83,2016-01-01,-0.028290993071593662,17.67
2016,2,La Rioja,16.88,2016-04-01,0.002970885323826611,17.17
2016,3,La Rioja,17.07,2016-07-01,0.011255924170616272,17.22
2016,4,La Rioja,16.46,2016-10-01,-0.03573520796719387,17.41
2017,1,La Rioja,16.2,2017-01-01,-0.015795868772782606,16.79
2017,2,La Rioja,16.2,2017-04-01,0.0,16.52
2017,3,La Rioja,51.47,2017-07-01,2.1771604938271607,16.52
2017,4,La Rioja,51.57,2017-10-01,0.0019428793471925054,52.5
2018,1,La Rioja,51.44,2018-01-01,-0.0025208454527826385,52.6
2018,2,La Rioja,50.98,2018-04-01,-0.008942457231726264,52.47
2018,3,La Rioja,50.73,2018-07-01,-0.004903883876029802,52.0
2018,4,La Rioja,50.35,2018-10-01,-0.0074906367041197575,51.74
2019,1,La Rioja,50.18,2019-01-01,-0.00337636544190667,51.36
2019,2,La Rioja,48.7,2019-04-01,-0.02949382223993613,51.18
2019,3,La Rioja,47.94,2019-07-01,-0.015605749486653053,49.67
2019,4,La Rioja,47.14,2019-10-01,-0.016687526074259385,48.9
2020,1,La Rioja,46.35,2020-01-01,-0.016758591429783642,48.08
2020,2,La Rioja,49.84,2020-04-01,0.07529665587918011,47.28
2020,3,La Rioja,50.12,2020-07-01,0.00561797752808979,50.84
2020,4,La Rioja,50.11,2020-10-01,-0.0001995211492418214,51.12
2021,1,La Rioja,49.81,2021-01-01,-0.005986828976252134,51.11
2021,2,La Rioja,76.98,2021-04-01,0.5454727966271833,50.81
2021,3,La Rioja,77.26,2021-07-01,0.003637308391789995,78.52
2021,4,La Rioja,77.92,2021-10-01,0.00854258348433845,78.81
2022,1,La Rioja,78.77,2022-01-01,0.010908624229979402,79.48
2022,2,La Rioja,80.14,2022-04-01,0.01739240827726296,80.35
2022,3,La Rioja,80.66,2022-07-01,0.006488644871474936,81.74
2014,1,Mendoza,31.91,2014-01-01,0.0,82.27
2014,2,Mendoza,32.1,2014-04-01,0.005954246317768863,32.55
2014,3,Mendoza,32.31,2014-07-01,0.006542056074766434,32.74
2014,4,Mendoza,32.64,2014-10-01,0.01021355617455888,32.96
2015,1,Mendoza,32.37,2015-01-01,-0.008272058823529549,33.29
2015,2,Mendoza,32.49,2015-04-01,0.003707136237256936,33.02
2015,3,Mendoza,32.49,2015-07-01,0.0,33.14
2015,4,Mendoza,32.49,2015-10-01,0.0,33.14
2016,1,Mendoza,32.12,2016-01-01,-0.011388119421360532,33.14
2016,2,Mendoza,32.13,2016-04-01,0.0003113325031134373,32.76
2016,3,Mendoza,32.09,2016-07-01,-0.0012449424214129312,32.77
2016,4,Mendoza,32.11,2016-10-01,0.000623247117481851,32.73
2017,1,Mendoza,31.84,2017-01-01,-0.008408595453129886,32.75
2017,2,Mendoza,31.76,2017-04-01,-0.002512562814070307,32.48
2017,3,Mendoza,35.7,2017-07-01,0.12405541561712852,32.4
2017,4,Mendoza,33.33,2017-10-01,-0.06638655462184884,36.41
2018,1,Mendoza,37.07,2018-01-01,0.11221122112211224,34.0
2018,2,Mendoza,36.97,2018-04-01,-0.0026975991367683694,37.81
2018,3,Mendoza,37.99,2018-07-01,0.02758993778739538,37.71
2018,4,Mendoza,37.76,2018-10-01,-0.006054224795999041,38.75
2019,1,Mendoza,37.66,2019-01-01,-0.0026483050847457834,38.52
2019,2,Mendoza,40.75,2019-04-01,0.08204992033988323,38.41
2019,3,Mendoza,40.74,2019-07-01,-0.00024539877300611135,41.56
2019,4,Mendoza,33.65,2019-10-01,-0.1740304369170349,41.55
2020,1,Mendoza,33.14,2020-01-01,-0.015156017830609159,34.32
2020,2,Mendoza,36.25,2020-04-01,0.09384429692214846,33.8
2020,3,Mendoza,37.35,2020-07-01,0.030344827586207046,36.98
2020,4,Mendoza,38.63,2020-10-01,0.03427041499330663,38.1
2021,1,Mendoza,39.15,2021-01-01,0.013461040641987942,39.4
2021,2,Mendoza,40.97,2021-04-01,0.0464878671775224,39.93
2021,3,Mendoza,45.55,2021-07-01,0.11178911398584335,41.79
2021,4,Mendoza,47.51,2021-10-01,0.043029637760702455,46.46
2022,1,Mendoza,48.74,2022-01-01,0.02588928646600719,48.46
2022,2,Mendoza,49.39,2022-04-01,0.013336068937217949,49.71
2022,3,Mendoza,51.03,2022-07-01,0.03320510224741846,50.38
2014,1,Misiones,23.14,2014-01-01,0.0,52.05
2014,2,Misiones,23.37,2014-04-01,0.009939498703543714,23.6
2014,3,Misiones,23.57,2014-07-01,0.008557980316645342,23.84
2014,4,Misiones,24.16,2014-10-01,0.025031820110309688,24.04
2015,1,Misiones,26.31,2015-01-01,0.08899006622516548,24.64
2015,2,Misiones,27.35,2015-04-01,0.039528696313189116,26.84
2015,3,Misiones,28.31,2015-07-01,0.03510054844606936,27.9
2015,4,Misiones,28.69,2015-10-01,0.01342281879194629,28.88
2016,1,Misiones,28.37,2016-01-01,-0.011153712094806534,29.26
2016,2,Misiones,29.24,2016-04-01,0.030666196686640834,28.94
2016,3,Misiones,29.91,2016-07-01,0.02291381668946646,29.82
2016,4,Misiones,29.72,2016-10-01,-0.006352390504847927,30.51
2017,1,Misiones,29.52,2017-01-01,-0.006729475100942128,30.31
2017,2,Misiones,30.09,2017-04-01,0.019308943089430874,30.11
2017,3,Misiones,30.21,2017-07-01,0.003988035892322994,30.69
2017,4,Misiones,31.14,2017-10-01,0.030784508440913516,30.81
2018,1,Misiones,30.96,2018-01-01,-0.00578034682080919,31.76
2018,2,Misiones,31.63,2018-04-01,0.021640826873384977,31.58
2018,3,Misiones,32.1,2018-07-01,0.0148593107809043,32.26
2018,4,Misiones,34.45,2018-10-01,0.07320872274143309,32.74
2019,1,Misiones,36.26,2019-01-01,0.052539912917271225,35.14
2019,2,Misiones,39.15,2019-04-01,0.07970215113072254,36.99
2019,3,Misiones,39.33,2019-07-01,0.0045977011494253706,39.93
2019,4,Misiones,39.79,2019-10-01,0.011695906432748648,40.12
2020,1,Misiones,39.02,2020-01-01,-0.019351595878361327,40.59
2020,2,Misiones,40.89,2020-04-01,0.04792414146591484,39.8
2020,3,Misiones,41.6,2020-07-01,0.01736365859623379,41.71
2020,4,Misiones,42.64,2020-10-01,0.02499999999999991,42.43
2021,1,Misiones,43.17,2021-01-01,0.012429643527204437,43.49
2021,2,Misiones,45.01,2021-04-01,0.0426221913365763,44.03
2021,3,Misiones,45.57,2021-07-01,0.012441679626749691,45.91
2021,4,Misiones,49.06,2021-10-01,0.0765854728988371,46.48
2022,1,Misiones,49.04,2022-01-01,-0.00040766408479420146,50.04
2022,2,Misiones,51.0,2022-04-01,0.039967373572593834,50.02
2022,3,Misiones,51.82,2022-07-01,0.01607843137254905,52.02
2014,1,Neuquén,49.79,2014-01-01,0.0,52.86
2014,2,Neuquén,50.84,2014-04-01,0.0210885720024101,50.79
2014,3,Neuquén,56.4,2014-07-01,0.1093627065302909,51.86
2014,4,Neuquén,52.55,2014-10-01,-0.06826241134751776,57.53
2015,1,Neuquén,51.95,2015-01-01,-0.011417697431017948,53.6
2015,2,Neuquén,53.12,2015-04-01,0.022521655437921062,52.99
2015,3,Neuquén,54.6,2015-07-01,0.027861445783132543,54.18
2015,4,Neuquén,58.29,2015-10-01,0.06758241758241756,55.69
2016,1,Neuquén,55.75,2016-01-01,-0.04357522731171726,59.46
2016,2,Neuquén,59.1,2016-04-01,0.06008968609865484,56.86
2016,3,Neuquén,60.21,2016-07-01,0.01878172588832494,60.28
2016,4,Neuquén,60.87,2016-10-01,0.010961634280019839,61.41
2017,1,Neuquén,61.02,2017-01-01,0.002464268112370771,62.09
2017,2,Neuquén,61.91,2017-04-01,0.014585381842018963,62.24
2017,3,Neuquén,60.83,2017-07-01,-0.01744467775803582,63.15
2017,4,Neuquén,61.24,2017-10-01,0.006740095347690378,62.05
2018,1,Neuquén,61.52,2018-01-01,0.004572175048987548,62.46
2018,2,Neuquén,60.24,2018-04-01,-0.020806241872561748,62.75
2018,3,Neuquén,60.49,2018-07-01,0.004150066401062524,61.44
2018,4,Neuquén,59.07,2018-10-01,-0.02347495453794013,61.7
2019,1,Neuquén,58.88,2019-01-01,-0.003216522769595387,60.25
2019,2,Neuquén,63.08,2019-04-01,0.07133152173913038,60.06
2019,3,Neuquén,64.14,2019-07-01,0.016804058338617756,64.34
2019,4,Neuquén,59.36,2019-10-01,-0.07452447770502024,65.42
2020,1,Neuquén,61.85,2020-01-01,0.04194743935309986,60.55
2020,2,Neuquén,63.9,2020-04-01,0.03314470493128541,63.09
2020,3,Neuquén,65.24,2020-07-01,0.020970266040688523,65.18
2020,4,Neuquén,67.0,2020-10-01,0.026977314530962637,66.54
2021,1,Neuquén,66.84,2021-01-01,-0.002388059701492473,68.34
2021,2,Neuquén,69.14,2021-04-01,0.03441053261520044,68.18
2021,3,Neuquén,69.71,2021-07-01,0.008244142319930425,70.52
2021,4,Neuquén,73.3,2021-10-01,0.05149906756562905,71.1
2022,1,Neuquén,74.17,2022-01-01,0.011869031377899075,74.77
2022,2,Neuquén,80.02,2022-04-01,0.07887285964675739,75.65
2022,3,Neuquén,80.37,2022-07-01,0.00437390652336922,81.62
2014,1,Río Negro,44.91,2014-01-01,0.0,81.98
2014,2,Río Negro,45.33,2014-04-01,0.009352037408149716,45.81
2014,3,Río Negro,46.2,2014-07-01,0.019192587690271434,46.24
2014,4,Río Negro,45.48,2014-10-01,-0.0155844155844157,47.12
2015,1,Río Negro,45.33,2015-01-01,-0.0032981530343008103,46.39
2015,2,Río Negro,45.98,2015-04-01,0.014339289653650944,46.24
2015,3,Río Negro,46.39,2015-07-01,0.008916920400174,46.9
2015,4,Río Negro,46.44,2015-10-01,0.001077818495365257,47.32
2016,1,Río Negro,45.84,2016-01-01,-0.012919896640826711,47.37
2016,2,Río Negro,46.24,2016-04-01,0.008726003490401313,46.76
2016,3,Río Negro,46.39,2016-07-01,0.0032439446366780977,47.16
2016,4,Río Negro,46.39,2016-10-01,0.0,47.32
2017,1,Río Negro,46.03,2017-01-01,-0.007760293166630738,47.32
2017,2,Río Negro,46.02,2017-04-01,-0.0002172496198131757,46.95
2017,3,Río Negro,48.52,2017-07-01,0.05432420686657968,46.94
2017,4,Río Negro,49.38,2017-10-01,0.017724649629018874,49.49
2018,1,Río Negro,49.82,2018-01-01,0.008910490076954103,50.37
2018,2,Río Negro,50.15,2018-04-01,0.006623845845042053,50.82
2018,3,Río Negro,50.54,2018-07-01,0.007776669990029905,51.15
2018,4,Río Negro,51.86,2018-10-01,0.02611792639493471,51.55
2019,1,Río Negro,53.57,2019-01-01,0.032973389895873506,52.9
2019,2,Río Negro,61.09,2019-04-01,0.14037707672204602,54.64
2019,3,Río Negro,63.42,2019-07-01,0.03814044851857901,62.31
2019,4,Río Negro,55.71,2019-10-01,-0.1215704824976348,64.69
2020,1,Río Negro,55.12,2020-01-01,-0.010590558248070425,56.82
2020,2,Río Negro,56.37,2020-04-01,0.022677793904209098,56.22
2020,3,Río Negro,57.05,2020-07-01,0.012063154160014244,57.5
2020,4,Río Negro,61.09,2020-10-01,0.07081507449605629,58.19
2021,1,Río Negro,60.88,2021-01-01,-0.00343755115403499,62.31
2021,2,Río Negro,61.94,2021-04-01,0.01741130091984222,62.1
2021,3,Río Negro,61.97,2021-07-01,0.00048433968356476065,63.18
2021,4,Río Negro,65.69,2021-10-01,0.06002904631273198,63.21
2022,1,Río Negro,67.04,2022-01-01,0.020551073222712768,67.0
2022,2,Río Negro,67.85,2022-04-01,0.012082338902147827,68.38
2022,3,Río Negro,67.98,2022-07-01,0.0019159911569639476,69.21
2014,1,Salta,28.7,2014-01-01,0.0,69.34
2014,2,Salta,28.91,2014-04-01,0.007317073170731714,29.27
2014,3,Salta,29.22,2014-07-01,0.010722933241092969,29.49
2014,4,Salta,29.53,2014-10-01,0.010609171800136874,29.8
2015,1,Salta,30.01,2015-01-01,0.01625465628174738,30.12
2015,2,Salta,30.46,2015-04-01,0.01499500166611134,30.61
2015,3,Salta,31.18,2015-07-01,0.023637557452396596,31.07
2015,4,Salta,31.59,2015-10-01,0.013149454778704328,31.8
2016,1,Salta,31.32,2016-01-01,-0.008547008547008517,32.22
2016,2,Salta,32.08,2016-04-01,0.024265644955300036,31.95
2016,3,Salta,32.96,2016-07-01,0.02743142144638422,32.72
2016,4,Salta,32.69,2016-10-01,-0.0081917475728156,33.62
2017,1,Salta,32.58,2017-01-01,-0.003364943407769938,33.34
2017,2,Salta,32.74,2017-04-01,0.0049109883364029105,33.23
2017,3,Salta,39.84,2017-07-01,0.21686010995723892,33.39
2017,4,Salta,39.8,2017-10-01,-0.0010040160642571516,40.64
2018,1,Salta,39.78,2018-01-01,-0.0005025125628139726,40.6
2018,2,Salta,39.94,2018-04-01,0.004022121669180478,40.58
2018,3,Salta,39.43,2018-07-01,-0.01276915373059584,40.74
2018,4,Salta,39.8,2018-10-01,0.009383717981232609,40.22
2019,1,Salta,40.1,2019-01-01,0.007537688442211143,40.6
2019,2,Salta,41.89,2019-04-01,0.044638403990024944,40.9
2019,3,Salta,44.48,2019-07-01,0.06182859871090951,42.73
2019,4,Salta,50.35,2019-10-01,0.1319694244604317,45.37
2020,1,Salta,49.6,2020-01-01,-0.014895729890764597,51.36
2020,2,Salta,51.58,2020-04-01,0.039919354838709564,50.59
2020,3,Salta,52.32,2020-07-01,0.014346645986816675,52.61
2020,4,Salta,54.04,2020-10-01,0.032874617737002954,53.37
2021,1,Salta,53.93,2021-01-01,-0.002035529237601752,55.12
2021,2,Salta,54.93,2021-04-01,0.018542555164101637,55.01
2021,3,Salta,55.96,2021-07-01,0.01875113781176041,56.03
2021,4,Salta,56.81,2021-10-01,0.015189421015010751,57.08
2022,1,Salta,56.11,2022-01-01,-0.01232177433550441,57.95
2022,2,Salta,57.54,2022-04-01,0.025485653181251067,57.23
2022,3,Salta,57.76,2022-07-01,0.003823427181091299,58.69
2014,1,San Juan,27.6,2014-01-01,0.0,58.92
2014,2,San Juan,27.78,2014-04-01,0.006521739130434856,28.15
2014,3,San Juan,27.85,2014-07-01,0.002519798416126706,28.34
2014,4,San Juan,28.04,2014-10-01,0.006822262118491906,28.41
2015,1,San Juan,27.55,2015-01-01,-0.01747503566333808,28.6
2015,2,San Juan,27.64,2015-04-01,0.0032667876588021727,28.1
2015,3,San Juan,27.67,2015-07-01,0.0010853835021709113,28.19
2015,4,San Juan,27.66,2015-10-01,-0.0003614022406939199,28.22
2016,1,San Juan,27.33,2016-01-01,-0.011930585683297301,28.21
2016,2,San Juan,27.34,2016-04-01,0.00036589828027810967,27.88
2016,3,San Juan,27.32,2016-07-01,-0.000731528895391298,27.89
2016,4,San Juan,27.29,2016-10-01,-0.001098096632503709,27.87
2017,1,San Juan,27.04,2017-01-01,-0.009160864785635714,27.84
2017,2,San Juan,26.96,2017-04-01,-0.002958579881656709,27.58
2017,3,San Juan,32.37,2017-07-01,0.20066765578635004,27.5
2017,4,San Juan,30.3,2017-10-01,-0.06394810009267826,33.02
2018,1,San Juan,32.61,2018-01-01,0.07623762376237608,30.91
2018,2,San Juan,32.95,2018-04-01,0.010426249616682037,33.26
2018,3,San Juan,33.05,2018-07-01,0.003034901365705389,33.61
2018,4,San Juan,31.9,2018-10-01,-0.03479576399394857,33.71
2019,1,San Juan,31.83,2019-01-01,-0.0021943573667712046,32.54
2019,2,San Juan,35.6,2019-04-01,0.11844172164624589,32.47
2019,3,San Juan,37.06,2019-07-01,0.04101123595505629,36.31
2019,4,San Juan,32.85,2019-10-01,-0.11359956826767403,37.8
2020,1,San Juan,32.39,2020-01-01,-0.014003044140030507,33.51
2020,2,San Juan,35.09,2020-04-01,0.08335906143871563,33.04
2020,3,San Juan,38.79,2020-07-01,0.10544314619549722,35.79
2020,4,San Juan,36.32,2020-10-01,-0.0636762052075277,39.57
2021,1,San Juan,39.06,2021-01-01,0.07544052863436135,37.05
2021,2,San Juan,39.28,2021-04-01,0.005632360471070186,39.84
2021,3,San Juan,39.46,2021-07-01,0.0045824847250508505,40.07
2021,4,San Juan,39.59,2021-10-01,0.003294475418144982,40.25
2022,1,San Juan,43.55,2022-01-01,0.10002525890376335,40.38
2022,2,San Juan,49.46,2022-04-01,0.1357060849598164,44.42
2022,3,San Juan,50.8,2022-07-01,0.02709260008087333,50.45
2014,1,San Luis,9.35,2014-01-01,0.0,51.82
2014,2,San Luis,9.72,2014-04-01,0.039572192513369187,9.54
2014,3,San Luis,9.71,2014-07-01,-0.0010288065843621075,9.91
2014,4,San Luis,9.79,2014-10-01,0.008238928939237722,9.9
2015,1,San Luis,9.72,2015-01-01,-0.007150153217568844,9.99
2015,2,San Luis,9.71,2015-04-01,-0.0010288065843621075,9.91
2015,3,San Luis,9.71,2015-07-01,0.0,9.9
2015,4,San Luis,9.71,2015-10-01,0.0,9.9
2016,1,San Luis,9.59,2016-01-01,-0.012358393408856916,9.9
2016,2,San Luis,9.6,2016-04-01,0.0010427528675702735,9.78
2016,3,San Luis,9.63,2016-07-01,0.0031250000000000444,9.79
2016,4,San Luis,9.64,2016-10-01,0.0010384215991692258,9.82
2017,1,San Luis,9.55,2017-01-01,-0.009336099585062207,9.83
2017,2,San Luis,9.51,2017-04-01,-0.004188481675392763,9.74
2017,3,San Luis,15.48,2017-07-01,0.6277602523659307,9.7
2017,4,San Luis,10.59,2017-10-01,-0.31589147286821706,15.79
2018,1,San Luis,15.15,2018-01-01,0.4305949008498584,10.8
2018,2,San Luis,15.15,2018-04-01,0.0,15.45
2018,3,San Luis,52.35,2018-07-01,2.4554455445544554,15.45
2018,4,San Luis,67.55,2018-10-01,0.2903533906399236,53.4
2019,1,San Luis,67.34,2019-01-01,-0.0031088082901553626,68.9
2019,2,San Luis,81.79,2019-04-01,0.2145827145827146,68.69
2019,3,San Luis,85.23,2019-07-01,0.042058931409707734,83.43
2019,4,San Luis,74.92,2019-10-01,-0.12096679572920332,86.93
2020,1,San Luis,76.31,2020-01-01,0.018553123331553678,76.42
2020,2,San Luis,78.41,2020-04-01,0.027519329052548835,77.84
2020,3,San Luis,79.96,2020-07-01,0.019767886749139096,79.98
2020,4,San Luis,81.68,2020-10-01,0.021510755377688984,81.56
2021,1,San Luis,81.24,2021-01-01,-0.0053868756121451256,83.31
2021,2,San Luis,83.48,2021-04-01,0.027572624322993677,82.86
2021,3,San Luis,79.87,2021-07-01,-0.04324389075227597,85.15
2021,4,San Luis,80.3,2021-10-01,0.005383748591460957,81.47
2022,1,San Luis,80.72,2022-01-01,0.00523038605230397,81.91
2022,2,San Luis,81.76,2022-04-01,0.01288404360753237,82.33
2022,3,San Luis,81.74,2022-07-01,-0.0002446183953034309,83.4
2014,1,Santa Cruz,28.94,2014-01-01,0.0,83.37
2014,2,Santa Cruz,29.38,2014-04-01,0.01520387007601931,29.52
2014,3,Santa Cruz,28.23,2014-07-01,-0.0391422736555479,29.97
2014,4,Santa Cruz,27.8,2014-10-01,-0.0152320226709175,28.79
2015,1,Santa Cruz,27.99,2015-01-01,0.006834532374100588,28.36
2015,2,Santa Cruz,27.07,2015-04-01,-0.032868881743479794,28.55
2015,3,Santa Cruz,27.61,2015-07-01,0.019948282231252223,27.61
2015,4,Santa Cruz,27.74,2015-10-01,0.004708438971387174,28.16
2016,1,Santa Cruz,26.87,2016-01-01,-0.03136265320836329,28.29
2016,2,Santa Cruz,26.73,2016-04-01,-0.005210271678451783,27.41
2016,3,Santa Cruz,26.84,2016-07-01,0.00411522633744843,27.26
2016,4,Santa Cruz,27.05,2016-10-01,0.007824143070044753,27.38
2017,1,Santa Cruz,26.52,2017-01-01,-0.019593345656192307,27.59
2017,2,Santa Cruz,26.25,2017-04-01,-0.010180995475113086,27.05
2017,3,Santa Cruz,33.29,2017-07-01,0.2681904761904761,26.78
2017,4,Santa Cruz,28.91,2017-10-01,-0.13157104235506156,33.96
2018,1,Santa Cruz,33.55,2018-01-01,0.16049809754410238,29.49
2018,2,Santa Cruz,33.33,2018-04-01,-0.006557377049180246,34.22
2018,3,Santa Cruz,32.73,2018-07-01,-0.018001800180018068,34.0
2018,4,Santa Cruz,23.69,2018-10-01,-0.2761992056217536,33.38
2019,1,Santa Cruz,23.67,2019-01-01,-0.0008442380751371159,24.16
2019,2,Santa Cruz,28.85,2019-04-01,0.21884241656104764,24.14
2019,3,Santa Cruz,35.63,2019-07-01,0.2350086655112651,29.43
2019,4,Santa Cruz,36.71,2019-10-01,0.030311535223126462,36.34
2020,1,Santa Cruz,35.97,2020-01-01,-0.020157995096703907,37.44
2020,2,Santa Cruz,35.79,2020-04-01,-0.005004170141784781,36.69
2020,3,Santa Cruz,35.95,2020-07-01,0.004470522492316498,36.51
2020,4,Santa Cruz,37.0,2020-10-01,0.029207232267037364,36.67
2021,1,Santa Cruz,41.65,2021-01-01,0.1256756756756756,37.74
2021,2,Santa Cruz,44.01,2021-04-01,0.05666266506602646,42.48
2021,3,Santa Cruz,43.75,2021-07-01,-0.005907748239036503,44.89
2021,4,Santa Cruz,43.05,2021-10-01,-0.016000000000000014,44.62
2022,1,Santa Cruz,43.34,2022-01-01,0.006736353077816615,43.91
2022,2,Santa Cruz,43.15,2022-04-01,-0.004383940932164432,44.21
2022,3,Santa Cruz,43.19,2022-07-01,0.0009269988412514696,44.01
2014,1,Santa Fe,47.85,2014-01-01,0.0,44.05
2014,2,Santa Fe,48.39,2014-04-01,0.011285266457680132,48.81
2014,3,Santa Fe,49.2,2014-07-01,0.01673899566026038,49.36
2014,4,Santa Fe,50.0,2014-10-01,0.016260162601625883,50.18
2015,1,Santa Fe,50.24,2015-01-01,0.0048000000000001375,51.0
2015,2,Santa Fe,51.18,2015-04-01,0.018710191082802474,51.24
2015,3,Santa Fe,52.15,2015-07-01,0.018952715904650308,52.2
2015,4,Santa Fe,52.61,2015-10-01,0.008820709491850431,53.19
2016,1,Santa Fe,51.28,2016-01-01,-0.025280364949629264,53.66
2016,2,Santa Fe,52.44,2016-04-01,0.02262090483619339,52.31
2016,3,Santa Fe,52.67,2016-07-01,0.004385964912280826,53.49
2016,4,Santa Fe,52.19,2016-10-01,-0.009113347256502813,53.72
2017,1,Santa Fe,51.97,2017-01-01,-0.004215366928530306,53.23
2017,2,Santa Fe,52.27,2017-04-01,0.005772561092938222,53.01
2017,3,Santa Fe,60.91,2017-07-01,0.16529558063898975,53.32
2017,4,Santa Fe,61.71,2017-10-01,0.013134132326383163,62.13
2018,1,Santa Fe,62.28,2018-01-01,0.00923675255226053,62.94
2018,2,Santa Fe,62.57,2018-04-01,0.004656390494540696,63.53
2018,3,Santa Fe,63.41,2018-07-01,0.013424964040274823,63.82
2018,4,Santa Fe,65.59,2018-10-01,0.03437943542028088,64.68
2019,1,Santa Fe,66.97,2019-01-01,0.021039792651318834,66.9
2019,2,Santa Fe,67.42,2019-04-01,0.006719426608929435,68.31
2019,3,Santa Fe,68.87,2019-07-01,0.02150697122515588,68.77
2019,4,Santa Fe,69.48,2019-10-01,0.00885726731523162,70.25
2020,1,Santa Fe,69.52,2020-01-01,0.0005757052389174788,70.87
2020,2,Santa Fe,70.0,2020-04-01,0.0069044879171462625,70.91
2020,3,Santa Fe,72.12,2020-07-01,0.03028571428571425,71.4
2020,4,Santa Fe,73.58,2020-10-01,0.02024403771491956,73.56
2021,1,Santa Fe,73.92,2021-01-01,0.004620820875237852,75.05
2021,2,Santa Fe,75.07,2021-04-01,0.015557359307359242,75.4
2021,3,Santa Fe,75.02,2021-07-01,-0.0006660450246436245,76.57
2021,4,Santa Fe,77.09,2021-10-01,0.027592641962143505,76.52
2022,1,Santa Fe,77.3,2022-01-01,0.002724088727461327,78.63
2022,2,Santa Fe,77.9,2022-04-01,0.0077619663648125226,78.85
2022,3,Santa Fe,78.55,2022-07-01,0.00834403080872903,79.46
2014,1,Santiago Del Estero,16.31,2014-01-01,0.0,80.12
2014,2,Santiago Del Estero,16.7,2014-04-01,0.02391171060698971,16.64
2014,3,Santiago Del Estero,16.49,2014-07-01,-0.012574850299401197,17.03
2014,4,Santiago Del Estero,17.27,2014-10-01,0.047301394784718065,16.82
2015,1,Santiago Del Estero,17.06,2015-01-01,-0.012159814707585426,17.62
2015,2,Santiago Del Estero,17.11,2015-04-01,0.0029308323563892458,17.4
2015,3,Santiago Del Estero,17.12,2015-07-01,0.0005844535359440517,17.45
2015,4,Santiago Del Estero,17.0,2015-10-01,-0.007009345794392607,17.46
2016,1,Santiago Del Estero,16.21,2016-01-01,-0.04647058823529404,17.34
2016,2,Santiago Del Estero,15.89,2016-04-01,-0.019740900678593465,16.53
2016,3,Santiago Del Estero,15.33,2016-07-01,-0.03524229074889873,16.21
2016,4,Santiago Del Estero,15.07,2016-10-01,-0.016960208741030658,15.64
2017,1,Santiago Del Estero,14.7,2017-01-01,-0.024552090245520963,15.37
2017,2,Santiago Del Estero,14.12,2017-04-01,-0.039455782312925125,14.99
2017,3,Santiago Del Estero,35.12,2017-07-01,1.4872521246458925,14.4
2017,4,Santiago Del Estero,29.13,2017-10-01,-0.17055808656036442,35.82
2018,1,Santiago Del Estero,34.99,2018-01-01,0.20116718159972558,29.71
2018,2,Santiago Del Estero,35.26,2018-04-01,0.007716490425835776,35.69
2018,3,Santiago Del Estero,36.25,2018-07-01,0.028077141236528602,35.97
2018,4,Santiago Del Estero,37.4,2018-10-01,0.03172413793103446,36.98
2019,1,Santiago Del Estero,37.52,2019-01-01,0.0032085561497328108,38.15
2019,2,Santiago Del Estero,52.79,2019-04-01,0.40698294243070343,38.27
2019,3,Santiago Del Estero,55.3,2019-07-01,0.04754688387952255,53.85
2019,4,Santiago Del Estero,42.92,2019-10-01,-0.22386980108499088,56.41
2020,1,Santiago Del Estero,42.47,2020-01-01,-0.010484622553588174,43.78
2020,2,Santiago Del Estero,43.47,2020-04-01,0.023546032493524827,43.32
2020,3,Santiago Del Estero,43.38,2020-07-01,-0.0020703933747411307,44.34
2020,4,Santiago Del Estero,43.75,2020-10-01,0.008529276164130906,44.25
2021,1,Santiago Del Estero,45.67,2021-01-01,0.043885714285714306,44.62
2021,2,Santiago Del Estero,46.56,2021-04-01,0.019487628640245225,46.58
2021,3,Santiago Del Estero,47.0,2021-07-01,0.009450171821305808,47.49
2021,4,Santiago Del Estero,47.05,2021-10-01,0.0010638297872340718,47.94
2022,1,Santiago Del Estero,47.17,2022-01-01,0.0025504782146652527,47.99
2022,2,Santiago Del Estero,47.7,2022-04-01,0.011235955056179803,48.11
2022,3,Santiago Del Estero,47.98,2022-07-01,0.005870020964360512,48.65
2014,1,Tierra Del Fuego,63.97,2014-01-01,0.0,48.94
2014,2,Tierra Del Fuego,64.36,2014-04-01,0.006096607784899177,65.25
2014,3,Tierra Del Fuego,65.69,2014-07-01,0.020665009322560657,65.65
2014,4,Tierra Del Fuego,66.14,2014-10-01,0.006850357740904256,67.0
2015,1,Tierra Del Fuego,74.23,2015-01-01,0.12231629876020578,67.46
2015,2,Tierra Del Fuego,74.51,2015-04-01,0.003772059814091344,75.71
2015,3,Tierra Del Fuego,74.86,2015-07-01,0.004697356059589319,76.0
2015,4,Tierra Del Fuego,66.46,2015-10-01,-0.11220945765428814,76.36
2016,1,Tierra Del Fuego,65.83,2016-01-01,-0.009479386096900355,67.79
2016,2,Tierra Del Fuego,67.72,2016-04-01,0.02871031444630101,67.15
2016,3,Tierra Del Fuego,68.94,2016-07-01,0.01801535735380977,69.07
2016,4,Tierra Del Fuego,70.31,2016-10-01,0.019872352770525126,70.32
2017,1,Tierra Del Fuego,68.92,2017-01-01,-0.019769591807708764,71.72
2017,2,Tierra Del Fuego,68.46,2017-04-01,-0.00667440510737094,70.3
2017,3,Tierra Del Fuego,65.74,2017-07-01,-0.039731229915279,69.83
2017,4,Tierra Del Fuego,59.89,2017-10-01,-0.08898691816245807,67.05
2018,1,Tierra Del Fuego,65.2,2018-01-01,0.08866254800467521,61.09
2018,2,Tierra Del Fuego,91.61,2018-04-01,0.40506134969325136,66.5
2018,3,Tierra Del Fuego,92.77,2018-07-01,0.012662373103373037,93.44
2018,4,Tierra Del Fuego,93.59,2018-10-01,0.008839064352700321,94.63
2019,1,Tierra Del Fuego,93.38,2019-01-01,-0.002243829468960401,95.46
2019,2,Tierra Del Fuego,94.8,2019-04-01,0.01520668237309919,95.25
2019,3,Tierra Del Fuego,96.46,2019-07-01,0.01751054852320677,96.7
2019,4,Tierra Del Fuego,79.7,2019-10-01,-0.1737507775243623,98.39
2020,1,Tierra Del Fuego,76.07,2020-01-01,-0.04554579673776671,81.29
2020,2,Tierra Del Fuego,76.37,2020-04-01,0.003943736032601786,77.59
2020,3,Tierra Del Fuego,76.81,2020-07-01,0.005761424643184521,77.9
2020,4,Tierra Del Fuego,76.27,2020-10-01,-0.007030334591850096,78.35
2021,1,Tierra Del Fuego,77.35,2021-01-01,0.014160220270093005,77.8
2021,2,Tierra Del Fuego,67.89,2021-04-01,-0.12230122818358102,78.9
2021,3,Tierra Del Fuego,94.95,2021-07-01,0.3985859478568272,69.25
2021,4,Tierra Del Fuego,98.4,2021-10-01,0.03633491311216441,96.85
2022,1,Tierra Del Fuego,98.29,2022-01-01,-0.001117886178861771,100.37
2022,2,Tierra Del Fuego,99.86,2022-04-01,0.015973140706073696,100.26
2022,3,Tierra Del Fuego,99.51,2022-07-01,-0.0035049068696173524,101.86
2014,1,Tucumán,33.42,2014-01-01,0.0,101.5
2014,2,Tucumán,33.94,2014-04-01,0.015559545182525225,34.09
2014,3,Tucumán,33.94,2014-07-01,0.0,34.62
2014,4,Tucumán,35.32,2014-10-01,0.040659988214496234,34.62
2015,1,Tucumán,35.08,2015-01-01,-0.006795016987542479,36.03
2015,2,Tucumán,35.69,2015-04-01,0.017388825541619246,35.78
2015,3,Tucumán,36.61,2015-07-01,0.02577752871952943,36.4
2015,4,Tucumán,37.06,2015-10-01,0.0122917235727944,37.34
2016,1,Tucumán,36.72,2016-01-01,-0.00917431192660556,37.8
2016,2,Tucumán,37.24,2016-04-01,0.014161220043573008,37.45
2016,3,Tucumán,37.9,2016-07-01,0.01772287862513422,37.98
2016,4,Tucumán,37.98,2016-10-01,0.0021108179419524475,38.66
2017,1,Tucumán,37.9,2017-01-01,-0.002106371774618143,38.74
2017,2,Tucumán,38.19,2017-04-01,0.007651715039577844,38.66
2017,3,Tucumán,39.7,2017-07-01,0.03953914637339628,38.95
2017,4,Tucumán,39.9,2017-10-01,0.005037783375314797,40.49
2018,1,Tucumán,41.18,2018-01-01,0.032080200501253264,40.7
2018,2,Tucumán,41.51,2018-04-01,0.008013598834385682,42.0
2018,3,Tucumán,41.68,2018-07-01,0.004095398699108799,42.34
2018,4,Tucumán,41.76,2018-10-01,0.0019193857965451588,42.51
2019,1,Tucumán,41.63,2019-01-01,-0.0031130268199233146,42.6
2019,2,Tucumán,40.14,2019-04-01,-0.03579149651693492,42.46
2019,3,Tucumán,39.49,2019-07-01,-0.01619332336821122,40.94
2019,4,Tucumán,47.65,2019-10-01,0.20663459103570525,40.28
2020,1,Tucumán,47.85,2020-01-01,0.0041972717733473885,48.6
2020,2,Tucumán,51.78,2020-04-01,0.08213166144200623,48.81
2020,3,Tucumán,53.23,2020-07-01,0.02800308999613743,52.82
2020,4,Tucumán,54.78,2020-10-01,0.029118917903437902,54.29
2021,1,Tucumán,54.82,2021-01-01,0.0007301935012777871,55.88
2021,2,Tucumán,54.93,2021-04-01,0.0020065669463700253,55.92
2021,3,Tucumán,54.64,2021-07-01,-0.005279446568359769,56.03
2021,4,Tucumán,55.93,2021-10-01,0.023609077598828687,55.73
2022,1,Tucumán,57.39,2022-01-01,0.02610405864473453,57.05
2022,2,Tucumán,59.31,2022-04-01,0.03345530580240452,58.54
2022,3,Tucumán,61.14,2022-07-01,0.030854830551340306,60.5
